0,0,3,5,7,9,11,15,16,19,24,25,27,30,31,35,37,41,43,50,51,55,67,70,71,73,75,76,80,83,85,87,90,91,92,93,99,101,107,108,115,117,119,122,123,125,127,131,132,139,142,143,144,145,147,151,153,155,156,163,170,171,173,175,176,180,183,184,185,187,200,203
3,0,1,2,5,6,8,12,14,17,21,24,25,27,36,37,38,40,43,44,49,51,56,57,58,61,63,65,67,68,70,76,78,81,83,85,86,90,99,100,102,104,107,108,109,113,115,116,118,122,128,132,133,134,137,139,141,150,152,154,156,161,163,164,165,169,171,176,181,183,186,190,195,199,203,208,209,210,211,212,213
3,0,1,2,5,6,8,12,14,17,21,24,25,27,36,37,38,40,43,44,49,51,56,57,58,61,63,65,67,68,70,76,78,81,83,85,86,90,99,100,101,102,104,107,108,109,113,115,116,118,122,128,132,133,134,137,141,150,152,154,156,161,163,164,165,169,171,176,181,183,186,190,195,199,203,208,209,210,211,212,213
3,0,1,2,5,6,8,12,14,17,21,24,25,27,36,37,38,40,43,44,49,51,56,57,58,61,63,65,67,68,70,76,78,81,83,85,86,90,99,100,101,102,104,107,108,109,113,115,116,118,122,128,132,133,134,137,139,141,150,152,154,156,161,163,164,165,169,171,176,181,183,186,190,196,199,203,208,209,210,211,212,213
3,0,1,2,5,6,8,12,14,17,21,24,25,27,36,37,38,40,43,44,49,51,56,57,58,61,63,65,67,68,70,76,78,81,83,85,86,90,99,100,101,102,104,107,108,109,113,115,116,118,122,128,132,133,134,137,139,141,150,152,154,156,161,163,164,165,169,171,176,181,183,186,190,195,199,203,208,209,210,211,212,213
0,0,3,5,7,9,11,15,16,19,24,25,27,30,31,35,37,41,43,50,51,55,67,70,71,73,75,76,80,83,85,87,90,91,92,93,99,101,107,108,115,117,119,122,123,125,127,131,132,139,142,143,144,145,147,151,153,155,156,163,170,171,173,175,176,180,183,184,185,187,200,203
0,0,3,5,7,9,11,15,16,19,24,25,27,30,31,35,37,41,43,50,51,55,67,70,71,73,75,76,80,83,85,87,90,91,92,93,99,101,107,108,115,117,119,122,123,125,127,131,132,139,142,143,144,145,147,151,153,155,156,163,170,171,173,175,176,180,183,184,185,187,200,203
3,0,1,2,5,6,8,12,14,17,21,24,25,27,36,37,38,40,43,44,49,51,56,57,58,61,63,65,67,68,70,76,78,81,83,85,86,90,99,100,101,102,104,107,108,109,113,115,116,118,122,128,132,133,134,137,139,141,150,152,154,156,161,163,164,165,169,171,176,181,183,186,190,195,199,203,208,209,210,211,212,213
2,0,3,4,7,9,15,17,21,23,24,25,26,29,31,32,35,39,41,42,45,47,48,49,50,51,52,56,59,60,61,62,63,64,65,66,68,71,72,80,81,82,84,87,91,92,97,98,99,103,105,106,108,109,112,113,114,116,119,123,124,127,129,131,136,137,138,139,140,141,143,144,152,155,157,160,161,162,164,165,167,168,169,170,171,172,175,177,180,181,182,184,191,192,193,194,195,196,197,198,199,200,201,202,204,205,209,210
2,0,3,4,7,9,15,17,21,23,24,25,26,29,31,32,35,39,41,42,45,47,48,49,50,51,52,56,59,60,61,62,63,64,65,66,68,71,72,80,81,82,84,87,91,92,97,98,99,103,105,106,108,109,112,113,114,116,119,123,124,127,129,131,136,137,139,140,141,143,144,152,155,157,160,161,162,164,165,167,168,169,170,171,172,175,177,180,181,182,184,191,192,193,194,195,196,197,198,199,200,201,202,204,205,209,210
2,0,3,4,7,9,15,17,21,23,24,25,26,29,31,32,35,39,41,42,45,47,48,49,50,51,52,56,59,60,61,62,63,64,65,66,68,71,72,80,81,82,84,87,91,92,97,98,99,103,105,106,108,109,112,113,114,116,119,123,124,127,129,131,136,137,138,139,140,141,143,144,152,155,157,160,161,162,164,165,167,168,169,170,171,172,175,177,180,181,182,191,192,193,194,195,196,197,198,199,200,201,202,204,205,209,210
1,0,1,4,6,7,8,10,12,13,15,16,17,19,20,23,25,26,27,28,29,30,31,32,36,38,39,42,43,44,45,47,49,50,51,52,56,57,59,61,63,66,68,69,70,71,72,74,76,77,79,81,84,85,86,88,89,90,91,92,93,94,95,100,102,103,107,108,109,111,114,116,117,118,120,121,122,123,124,126,127,128,132,133,135,137,139,140,141,142,143,144,145,146,148,150,152,154,155,156,157,159,163,164,165,167,169,170,171,172,174,175,177,179,181,182,184,185,186,188,189,190,191,193,194,195,197,198,199,201,202,203,204
1,0,1,4,6,7,8,10,12,13,15,16,17,19,20,23,25,26,27,28,29,30,31,32,36,38,39,42,43,44,45,47,49,50,51,56,57,59,61,63,66,68,69,70,71,72,74,76,77,79,81,84,85,86,88,89,90,91,92,93,94,95,100,102,103,107,108,109,111,114,116,117,118,120,121,122,123,124,126,127,128,132,133,135,137,139,140,141,142,143,144,145,146,148,150,152,154,155,156,157,159,163,164,165,167,169,170,171,172,174,175,176,177,179,181,182,184,185,186,188,189,190,191,193,194,195,197,198,199,201,202,203,204
1,0,1,4,6,7,8,10,12,13,15,16,17,19,20,23,25,26,27,28,29,30,31,32,36,38,39,42,43,44,45,47,49,50,51,52,56,57,59,61,63,66,68,69,70,71,72,74,76,77,79,81,84,85,86,88,89,90,91,92,93,94,95,100,102,103,107,108,109,111,114,116,117,118,120,121,122,123,124,126,127,128,132,133,135,137,139,140,141,142,143,144,145,146,148,150,152,154,155,156,157,160,163,164,165,167,169,170,171,172,174,175,176,177,179,181,182,184,185,186,188,189,190,191,193,194,195,197,198,199,201,202,203,204
1,0,1,4,6,7,8,10,12,13,15,16,17,19,20,23,25,26,27,28,29,30,31,32,36,38,39,42,43,44,45,47,49,50,51,52,56,57,59,61,63,66,68,69,70,71,72,74,76,77,79,81,84,85,86,88,89,90,91,92,93,94,95,100,102,103,107,108,109,111,114,116,117,118,120,121,122,123,124,126,127,128,132,133,135,137,139,140,141,142,143,144,145,146,148,150,152,154,155,156,157,159,163,164,165,167,169,170,171,172,174,175,176,177,179,181,182,184,185,186,188,189,190,191,193,194,195,197,198,199,201,202,203,204
